{
	"credit": "Credit: Oran9eUtan, Ontvlambaar",
	"texture_size": [64, 32],
	"textures": {
		"0": "entity/cat/all_black"
	},
	"elements": [
		{
			"name": "back_left_leg",
			"from": [0.1, 0, 6],
			"to": [2.1, 6, 8],
			"rotation": {"angle": 0, "axis": "y", "origin": [0, 0, 0]},
			"faces": {
				"north": {"uv": [2.5, 7.5, 3, 10.5], "texture": "#0"},
				"east": {"uv": [2, 7.5, 2.5, 10.5], "texture": "#0"},
				"south": {"uv": [3.5, 7.5, 4, 10.5], "texture": "#0"},
				"west": {"uv": [3, 7.5, 3.5, 10.5], "texture": "#0"},
				"up": {"uv": [3, 7.5, 2.5, 6.5], "texture": "#0"},
				"down": {"uv": [3.5, 6.5, 3, 7.5], "texture": "#0"}
			}
		},
		{
			"name": "back_right_leg",
			"from": [-2.1, 0, 6],
			"to": [-0.1, 6, 8],
			"rotation": {"angle": 0, "axis": "y", "origin": [0, 0, 0]},
			"faces": {
				"north": {"uv": [2.5, 7.5, 3, 10.5], "texture": "#0"},
				"east": {"uv": [2, 7.5, 2.5, 10.5], "texture": "#0"},
				"south": {"uv": [3.5, 7.5, 4, 10.5], "texture": "#0"},
				"west": {"uv": [3, 7.5, 3.5, 10.5], "texture": "#0"},
				"up": {"uv": [3, 7.5, 2.5, 6.5], "texture": "#0"},
				"down": {"uv": [3.5, 6.5, 3, 7.5], "texture": "#0"}
			}
		},
		{
			"name": "front_left_leg",
			"from": [0.2, 0, -5],
			"to": [2.2, 10, -3],
			"rotation": {"angle": 0, "axis": "y", "origin": [0, 0, 0]},
			"faces": {
				"north": {"uv": [10.5, 1, 11, 6], "texture": "#0"},
				"east": {"uv": [10, 1, 10.5, 6], "texture": "#0"},
				"south": {"uv": [11.5, 1, 12, 6], "texture": "#0"},
				"west": {"uv": [11, 1, 11.5, 6], "texture": "#0"},
				"up": {"uv": [11, 1, 10.5, 0], "texture": "#0"},
				"down": {"uv": [11.5, 0, 11, 1], "texture": "#0"}
			}
		},
		{
			"name": "front_right_leg",
			"from": [-2.2, 0, -5],
			"to": [-0.2, 10, -3],
			"rotation": {"angle": 0, "axis": "y", "origin": [0, 0, 0]},
			"faces": {
				"north": {"uv": [10.5, 1, 11, 6], "texture": "#0"},
				"east": {"uv": [10, 1, 10.5, 6], "texture": "#0"},
				"south": {"uv": [11.5, 1, 12, 6], "texture": "#0"},
				"west": {"uv": [11, 1, 11.5, 6], "texture": "#0"},
				"up": {"uv": [11, 1, 10.5, 0], "texture": "#0"},
				"down": {"uv": [11.5, 0, 11, 1], "texture": "#0"}
			}
		},
		{
			"name": "tail",
			"from": [-0.5, -1.5, 16],
			"to": [0.5, 6.5, 17],
			"rotation": {"angle": -45, "axis": "x", "origin": [0, -3, 7]},
			"faces": {
				"north": {"uv": [0.25, 8, 0.5, 12], "texture": "#0"},
				"east": {"uv": [0, 8, 0.25, 12], "texture": "#0"},
				"south": {"uv": [0.75, 8, 1, 12], "texture": "#0"},
				"west": {"uv": [0.5, 8, 0.75, 12], "texture": "#0"},
				"up": {"uv": [0.5, 8, 0.25, 7.5], "texture": "#0"},
				"down": {"uv": [0.75, 7.5, 0.5, 8], "texture": "#0"}
			}
		},
		{
			"name": "tail",
			"from": [-0.5, 9, 15.5],
			"to": [0.5, 10, 21.5],
			"rotation": {"angle": -22.5, "axis": "x", "origin": [0, 0, 25]},
			"faces": {
				"north": {"uv": [0.5, 8, 0.25, 7.5], "rotation": 180, "texture": "#0"},
				"east": {"uv": [0, 8, 0.25, 12], "rotation": 90, "texture": "#0"},
				"south": {"uv": [0.75, 7.5, 0.5, 8], "texture": "#0"},
				"west": {"uv": [0.5, 8, 0.75, 12], "rotation": 270, "texture": "#0"},
				"up": {"uv": [0.75, 8, 1, 12], "texture": "#0"},
				"down": {"uv": [0.25, 8, 0.5, 12], "rotation": 180, "texture": "#0"}
			}
		},
		{
			"name": "head",
			"from": [-2.5, 7, -12],
			"to": [2.5, 11, -7],
			"rotation": {"angle": 0, "axis": "y", "origin": [0, 0, 0]},
			"faces": {
				"north": {"uv": [1.25, 2.5, 2.5, 4.5], "texture": "#0"},
				"east": {"uv": [0, 2.5, 1.25, 4.5], "texture": "#0"},
				"south": {"uv": [3.75, 2.5, 5, 4.5], "texture": "#0"},
				"west": {"uv": [2.5, 2.5, 3.75, 4.5], "texture": "#0"},
				"up": {"uv": [2.5, 2.5, 1.25, 0], "texture": "#0"},
				"down": {"uv": [3.75, 0, 2.5, 2.5], "texture": "#0"}
			}
		},
		{
			"name": "head",
			"from": [-1.5, 7.02, -13],
			"to": [1.5, 9.02, -11],
			"rotation": {"angle": 0, "axis": "y", "origin": [0, 0, 0]},
			"faces": {
				"north": {"uv": [0.5, 13, 1.25, 14], "texture": "#0"},
				"east": {"uv": [0, 13, 0.5, 14], "texture": "#0"},
				"south": {"uv": [1.75, 13, 2.5, 14], "texture": "#0"},
				"west": {"uv": [1.25, 13, 1.75, 14], "texture": "#0"},
				"up": {"uv": [1.25, 13, 0.5, 12], "texture": "#0"},
				"down": {"uv": [2, 12, 1.25, 13], "texture": "#0"}
			}
		},
		{
			"name": "head",
			"from": [1, 11, -9],
			"to": [2, 12, -7],
			"rotation": {"angle": 0, "axis": "y", "origin": [0, 0, 0]},
			"faces": {
				"north": {"uv": [0.5, 6, 0.75, 6.5], "texture": "#0"},
				"east": {"uv": [0, 6, 0.5, 6.5], "texture": "#0"},
				"south": {"uv": [1.25, 6, 1.5, 6.5], "texture": "#0"},
				"west": {"uv": [0.75, 6, 1.25, 6.5], "texture": "#0"},
				"up": {"uv": [0.75, 6, 0.5, 5], "texture": "#0"},
				"down": {"uv": [1, 5, 0.75, 6], "texture": "#0"}
			}
		},
		{
			"name": "head",
			"from": [-2, 11, -9],
			"to": [-1, 12, -7],
			"rotation": {"angle": 0, "axis": "y", "origin": [0, 0, 0]},
			"faces": {
				"north": {"uv": [2, 6, 2.25, 6.5], "texture": "#0"},
				"east": {"uv": [1.5, 6, 2, 6.5], "texture": "#0"},
				"south": {"uv": [2.75, 6, 3, 6.5], "texture": "#0"},
				"west": {"uv": [2.25, 6, 2.75, 6.5], "texture": "#0"},
				"up": {"uv": [2.25, 6, 2, 5], "texture": "#0"},
				"down": {"uv": [2.5, 5, 2.25, 6], "texture": "#0"}
			}
		},
		{
			"from": [-2, 5, -7],
			"to": [2, 11, 9],
			"rotation": {"angle": 0, "axis": "y", "origin": [6, 18, 1]},
			"faces": {
				"north": {"uv": [3, 7.5, 4, 10.5], "texture": "#0"},
				"east": {"uv": [8.75, 11, 10, 5], "rotation": 90, "texture": "#0"},
				"south": {"uv": [0, 8, 1, 11], "texture": "#0"},
				"west": {"uv": [5, 5, 6.25, 11], "rotation": 90, "texture": "#0"},
				"up": {"uv": [10, 11, 9, 5], "texture": "#0"},
				"down": {"uv": [7.5, 4, 6.25, 11], "texture": "#0"}
			}
		}
	],
	"display": {
		"thirdperson_righthand": {
			"translation": [5, 0, 0.75],
			"scale": [0.6, 0.6, 0.6]
		},
		"thirdperson_lefthand": {
			"translation": [-4.25, 1.25, 0],
			"scale": [0.6, 0.6, 0.6]
		},
		"firstperson_righthand": {
			"translation": [8.25, 0, 0]
		},
		"ground": {
			"translation": [0, 2.5, 0]
		},
		"gui": {
			"rotation": [10.75, 155.5, 0],
			"translation": [-3.75, 4.25, 0]
		},
		"head": {
			"rotation": [0.75, 0, 0],
			"translation": [8, 9.5, 7],
			"scale": [0.99922, 0.9582, 1.09297]
		},
		"fixed": {
			"rotation": [-90, 0, 0],
			"translation": [11.25, 11.25, -10.25],
			"scale": [1.4, 1.4, 1.4]
		}
	},
	"groups": [
		{
			"name": "back_left_leg",
			"origin": [1.1, 6, 5],
			"children": [0]
		},
		{
			"name": "back_right_leg",
			"origin": [-1.1, 6, 5],
			"children": [1]
		},
		{
			"name": "front_left_leg",
			"origin": [1.2, 10, -5],
			"children": [2]
		},
		{
			"name": "front_right_leg",
			"origin": [-1.2, 10, -5],
			"children": [3]
		},
		{
			"name": "tail",
			"origin": [0, 9.5, 9],
			"children": [4, 5]
		},
		{
			"name": "tail2",
			"origin": [0, 1.5, 9],
			"children": []
		},
		{
			"name": "head",
			"origin": [0, 9, -9],
			"children": [6, 7, 8, 9]
		}, 10]
}