{
"parent": "item/generated",
"textures": {
"layer0": "items/crossbow"
},
"display": {
"thirdperson_righthand": {
"rotation": [ -90, 0, -60 ],
"translation": [ 2, 0.1, -3 ],
"scale": [ 2.6, 2.6, 1.0 ]
},
"thirdperson_lefthand": {
"rotation": [ -90, 0, 30 ],
"translation": [ 2, 0.1, -3 ],
"scale": [ 2.6, 2.6, 1.0 ]
},
"firstperson_righthand": {
"rotation": [ -90, 0, -55 ],
"translation": [ 1.13, 3.2, 1.13 ],
"scale": [ 2.72, 2.72, 1.0 ]
},
"firstperson_lefthand": {
"rotation": [ -90, 0, 35 ],
"translation": [ 1.13, 3.2, 1.13 ],
"scale": [ 2.72, 2.72, 1.0 ]
},
"ground": {
"rotation": [ 0, 0, 0 ],
"translation": [ 0, 0, 0 ],
"scale": [ 2.0, 2.0, 1.0 ]
},
"fixed": {
"rotation": [ 0, 0, 0 ],
"translation": [ 0, 0, 0 ],
"scale": [ 6.0, 6.0, 1.5 ]
},
"gui": {
"rotation": [ 0, 0, 0 ],
"translation": [ 0, 0, 0 ],
"scale": [ 4.0, 4.0, 1.5 ]
}
},
"overrides":
[
{"predicate": {"pulling": 1}, "model": "item/crossbow_pulling_0"},
{"predicate": {"pulling": 1, "pull": 0.58}, "model": "item/crossbow_pulling_1"},
{"predicate": {"pulling": 1, "pull": 1.0}, "model": "item/crossbow_pulling_2"},
{"predicate": {"charged": 1}, "model": "item/crossbow_arrow"},
{"predicate": {"charged": 1, "firework": 1}, "model": "item/crossbow_firework"},

{"predicate": {"custom_model_data":1012001}, "model": "item/crossbow/crossbow_of_destruction_standby"},
{"predicate": {"custom_model_data":1012001,"pulling": 1}, "model": "item/crossbow/crossbow_of_destruction_pulling0"},
{"predicate": {"custom_model_data":1012001, "pulling": 1, "pull":  0.58}, "model": "item/crossbow/crossbow_of_destruction_pulling1"},
{"predicate": {"custom_model_data":1012001, "pulling": 1, "pull": 1.0}, "model": "item/crossbow/crossbow_of_destruction_pulling2"},
{"predicate": {"custom_model_data":1012001, "charged": 1}, "model": "item/crossbow/crossbow_of_destruction_arrow"},
{"predicate": {"custom_model_data":1012001, "charged": 1, "firework": 1}, "model": "item/crossbow_firework"},

{"predicate": {"custom_model_data":1012011}, "model": "item/crossbow/chain_bolter_standby"},
{"predicate": {"custom_model_data":1012011,"pulling": 1}, "model": "item/crossbow/chain_bolter_pulling0"},
{"predicate": {"custom_model_data":1012011, "pulling": 1, "pull":  0.58}, "model": "item/crossbow/chain_bolter_pulling1"},
{"predicate": {"custom_model_data":1012011, "pulling": 1, "pull": 1.0}, "model": "item/crossbow/chain_bolter_pulling2"},
{"predicate": {"custom_model_data":1012011, "charged": 1}, "model": "item/crossbow/chain_bolter_arrow"},
{"predicate": {"custom_model_data":1012011, "charged": 1, "firework": 1}, "model": "item/chain_bolter_firework"}
]
}